Locus,HMBR_C,HMBR_V,foldchange_HMBR
6874,0.7598662357508629,0.590934321361914,0.7776820360730747
21657,0.29918016585560264,0.30093693108513475,1.0058719307963082
22675,0.8979525813560224,0.9072737277793875,1.0103804439308912
24112,1.72277417564786,1.6539347131391664,0.960041505449891
